SID,SEASON,NUMBER,BASIN,SUBBASIN,NAME,ISO_TIME,NATURE,LAT,LON,WMO_WIND,WMO_PRES,WMO_AGENCY,TRACK_TYPE,DIST2LAND,LANDFALL,IFLAG,USA_AGENCY,USA_ATCF_ID,USA_LAT,USA_LON,USA_RECORD,USA_STATUS,USA_WIND,USA_PRES,USA_SSHS,USA_R34_NE,USA_R34_SE,USA_R34_SW,USA_R34_NW,USA_R50_NE,USA_R50_SE,USA_R50_SW,USA_R50_NW,USA_R64_NE,USA_R64_SE,USA_R64_SW,USA_R64_NW,USA_POCI,USA_ROCI,USA_RMW,USA_EYE,TOKYO_LAT,TOKYO_LON,TOKYO_GRADE,TOKYO_WIND,TOKYO_PRES,TOKYO_R50_DIR,TOKYO_R50_LONG,TOKYO_R50_SHORT,TOKYO_R30_DIR,TOKYO_R30_LONG,TOKYO_R30_SHORT,TOKYO_LAND,CMA_LAT,CMA_LON,CMA_CAT,CMA_WIND,CMA_PRES,HKO_LAT,HKO_LON,HKO_CAT,HKO_WIND,HKO_PRES,NEWDELHI_LAT,NEWDELHI_LON,NEWDELHI_GRADE,NEWDELHI_WIND,NEWDELHI_PRES,NEWDELHI_CI,NEWDELHI_DP,NEWDELHI_POCI,REUNION_LAT,REUNION_LON,REUNION_TYPE,REUNION_WIND,REUNION_PRES,REUNION_TNUM,REUNION_CI,REUNION_RMW,REUNION_R34_NE,REUNION_R34_SE,REUNION_R34_SW,REUNION_R34_NW,REUNION_R50_NE,REUNION_R50_SE,REUNION_R50_SW,REUNION_R50_NW,REUNION_R64_NE,REUNION_R64_SE,REUNION_R64_SW,REUNION_R64_NW,BOM_LAT,BOM_LON,BOM_TYPE,BOM_WIND,BOM_PRES,BOM_TNUM,BOM_CI,BOM_RMW,BOM_R34_NE,BOM_R34_SE,BOM_R34_SW,BOM_R34_NW,BOM_R50_NE,BOM_R50_SE,BOM_R50_SW,BOM_R50_NW,BOM_R64_NE,BOM_R64_SE,BOM_R64_SW,BOM_R64_NW,BOM_ROCI,BOM_POCI,BOM_EYE,BOM_POS_METHOD,BOM_PRES_METHOD,NADI_LAT,NADI_LON,NADI_CAT,NADI_WIND,NADI_PRES,WELLINGTON_LAT,WELLINGTON_LON,WELLINGTON_WIND,WELLINGTON_PRES,DS824_LAT,DS824_LON,DS824_STAGE,DS824_WIND,DS824_PRES,TD9636_LAT,TD9636_LON,TD9636_STAGE,TD9636_WIND,TD9636_PRES,TD9635_LAT,TD9635_LON,TD9635_WIND,TD9635_PRES,TD9635_ROCI,NEUMANN_LAT,NEUMANN_LON,NEUMANN_CLASS,NEUMANN_WIND,NEUMANN_PRES,MLC_LAT,MLC_LON,MLC_CLASS,MLC_WIND,MLC_PRES,USA_GUST,BOM_GUST,BOM_GUST_PER,REUNION_GUST,REUNION_GUST_PER,USA_SEAHGT,USA_SEARAD_NE,USA_SEARAD_SE,USA_SEARAD_SW,USA_SEARAD_NW,STORM_SPEED,STORM_DIR
2004086S29318,2004,17,SA,MM,NOT_NAMED,3/25/2004 18:00,SS,-28.6,-41.8,45,1000,atcf,main,625,625,O_____________,atcf,AL502004,-28.6,-41.8, ,SS,45,1000,-2, , , , , , , , , , , , , , , , , , , , , , , , , , , , , , , , , , , , , , , , , , , , , , , , , , , , , , , , , , , , , , , , , , , , , , , , , , , , , , , , , , , , , , , , , , , , , , , , , , , , , , , , , , , , , , , , , , , , , , , , , , , , , , , , , , , , , , , ,7,259
2004086S29318,2004,17,SA,MM,NOT_NAMED,3/25/2004 21:00,SS,-28.6628,-42.1748, , , ,main,632,603,P_____________, ,AL502004,-28.6628,-42.1748, ,SS,45,1000,-2, , , , , , , , , , , , , , , , , , , , , , , , , , , , , , , , , , , , , , , , , , , , , , , , , , , , , , , , , , , , , , , , , , , , , , , , , , , , , , , , , , , , , , , , , , , , , , , , , , , , , , , , , , , , , , , , , , , , , , , , , , , , , , , , , , , , , , , ,6,261
2004086S29318,2004,17,SA,MM,NOT_NAMED,3/26/2004 0:00,TS,-28.7,-42.5,45,1000,atcf,main,603,583,O_____________,atcf,AL502004,-28.7,-42.5, ,TD,45,1000,0, , , , , , , , , , , , , , , , , , , , , , , , , , , , , , , , , , , , , , , , , , , , , , , , , , , , , , , , , , , , , , , , , , , , , , , , , , , , , , , , , , , , , , , , , , , , , , , , , , , , , , , , , , , , , , , , , , , , , , , , , , , , , , , , , , , , , , , ,5,266
2004086S29318,2004,17,SA,MM,NOT_NAMED,3/26/2004 3:00,TS,-28.6998,-42.7501, , , ,main,574,554,P_____________, ,AL502004,-28.6998,-42.7501, ,TD,50,997,0, , , , , , , , , , , , , , , , , , , , , , , , , , , , , , , , , , , , , , , , , , , , , , , , , , , , , , , , , , , , , , , , , , , , , , , , , , , , , , , , , , , , , , , , , , , , , , , , , , , , , , , , , , , , , , , , , , , , , , , , , , , , , , , , , , , , , , , ,4,270
2004086S29318,2004,17,SA,MM,NOT_NAMED,3/26/2004 6:00,TS,-28.7,-43,55,994,atcf,main,554,525,O_____________,atcf,AL502004,-28.7,-43, ,TS,55,994,0, , , , , , , , , , , , , , , , , , , , , , , , , , , , , , , , , , , , , , , , , , , , , , , , , , , , , , , , , , , , , , , , , , , , , , , , , , , , , , , , , , , , , , , , , , , , , , , , , , , , , , , , , , , , , , , , , , , , , , , , , , , , , , , , , , , , , , , ,5,265
2004086S29318,2004,17,SA,MM,NOT_NAMED,3/26/2004 9:00,TS,-28.7426,-43.3424, , , ,main,525,488,P_____________, ,AL502004,-28.7426,-43.3424, ,TS,60,990,0, , , , , , , , , , , , , , , , , , , , , , , , , , , , , , , , , , , , , , , , , , , , , , , , , , , , , , , , , , , , , , , , , , , , , , , , , , , , , , , , , , , , , , , , , , , , , , , , , , , , , , , , , , , , , , , , , , , , , , , , , , , , , , , , , , , , , , , ,6,261
2004086S29318,2004,17,SA,MM,NOT_NAMED,3/26/2004 12:00,TS,-28.8,-43.7,65,987,atcf,main,488,459,O_____________,atcf,AL502004,-28.8,-43.7, ,HU,65,987,1, , , , , , , , , , , , , , , , , , , , , , , , , , , , , , , , , , , , , , , , , , , , , , , , , , , , , , , , , , , , , , , , , , , , , , , , , , , , , , , , , , , , , , , , , , , , , , , , , , , , , , , , , , , , , , , , , , , , , , , , , , , , , , , , , , , , , , , ,6,260
2004086S29318,2004,17,SA,MM,NOT_NAMED,3/26/2004 15:00,TS,-28.8424,-44.0076, , , ,main,459,430,P_____________, ,AL502004,-28.8424,-44.0076, ,HU,67,985,1, , , , , , , , , , , , , , , , , , , , , , , , , , , , , , , , , , , , , , , , , , , , , , , , , , , , , , , , , , , , , , , , , , , , , , , , , , , , , , , , , , , , , , , , , , , , , , , , , , , , , , , , , , , , , , , , , , , , , , , , , , , , , , , , , , , , , , , ,5,259
2004086S29318,2004,17,SA,MM,NOT_NAMED,3/26/2004 18:00,TS,-28.9,-44.3,70,984,atcf,main,430,403,O_____________,atcf,AL502004,-28.9,-44.3, ,HU,70,984,1,75,75,75,75, , , , , , , , ,1008,150,20, , , , , , , , , , , , , , , , , , , , , , , , , , , , , , , , , , , , , , , , , , , , , , , , , , , , , , , , , , , , , , , , , , , , , , , , , , , , , , , , , , , , , , , , , , , , , , , , , , , , , , , , , , , , , , , , , , , , , , , , ,5,254
2004086S29318,2004,17,SA,MM,NOT_NAMED,3/26/2004 21:00,TS,-28.9924,-44.5925, , , ,main,403,375,P_____________, ,AL502004,-28.9924,-44.5925, ,HU,70,984,1, , , , , , , , , , , , , , , , , , , , , , , , , , , , , , , , , , , , , , , , , , , , , , , , , , , , , , , , , , , , , , , , , , , , , , , , , , , , , , , , , , , , , , , , , , , , , , , , , , , , , , , , , , , , , , , , , , , , , , , , , , , , , , , , , , , , , , , ,6,249
2004086S29318,2004,17,SA,MM,NOT_NAMED,3/27/2004 0:00,TS,-29.1,-44.9,70,984,atcf,main,375,349,O_____________,atcf,AL502004,-29.1,-44.9, ,HU,70,984,1, , , , , , , , , , , , , , , , , , , , , , , , , , , , , , , , , , , , , , , , , , , , , , , , , , , , , , , , , , , , , , , , , , , , , , , , , , , , , , , , , , , , , , , , , , , , , , , , , , , , , , , , , , , , , , , , , , , , , , , , , , , , , , , , , , , , , , , ,6,250
2004086S29318,2004,17,SA,MM,NOT_NAMED,3/27/2004 3:00,TS,-29.1999,-45.2351, , , ,main,349,314,P_____________, ,AL502004,-29.1999,-45.2351, ,HU,72,982,1, , , , , , , , , , , , , , , , , , , , , , , , , , , , , , , , , , , , , , , , , , , , , , , , , , , , , , , , , , , , , , , , , , , , , , , , , , , , , , , , , , , , , , , , , , , , , , , , , , , , , , , , , , , , , , , , , , , , , , , , , , , , , , , , , , , , , , , ,6,252
2004086S29318,2004,17,SA,MM,NOT_NAMED,3/27/2004 6:00,TS,-29.3,-45.6,75,981,atcf,main,314,280,O_____________,atcf,AL502004,-29.3,-45.6, ,HU,75,981,1, , , , , , , , , , , , , , , , , , , , , , , , , , , , , , , , , , , , , , , , , , , , , , , , , , , , , , , , , , , , , , , , , , , , , , , , , , , , , , , , , , , , , , , , , , , , , , , , , , , , , , , , , , , , , , , , , , , , , , , , , , , , , , , , , , , , , , , ,7,252
2004086S29318,2004,17,SA,MM,NOT_NAMED,3/27/2004 9:00,TS,-29.4073,-45.9775, , , ,main,280,249,P_____________, ,AL502004,-29.4073,-45.9775, ,HU,75,981,1, , , , , , , , , , , , , , , , , , , , , , , , , , , , , , , , , , , , , , , , , , , , , , , , , , , , , , , , , , , , , , , , , , , , , , , , , , , , , , , , , , , , , , , , , , , , , , , , , , , , , , , , , , , , , , , , , , , , , , , , , , , , , , , , , , , , , , , ,7,254
2004086S29318,2004,17,SA,MM,NOT_NAMED,3/27/2004 12:00,TS,-29.5,-46.4,75,981,atcf,main,249,213,O_____________,atcf,AL502004,-29.5,-46.4, ,HU,75,981,1,75,75,75,75, , , , , , , , ,1008,150,20, , , , , , , , , , , , , , , , , , , , , , , , , , , , , , , , , , , , , , , , , , , , , , , , , , , , , , , , , , , , , , , , , , , , , , , , , , , , , , , , , , , , , , , , , , , , , , , , , , , , , , , , , , , , , , , , , , , , , , , , ,8,257
2004086S29318,2004,17,SA,MM,NOT_NAMED,3/27/2004 15:00,TS,-29.5875,-46.8847, , , ,main,213,175,P_____________, ,AL502004,-29.5875,-46.8847, ,HU,75,981,1,75,75,75,75, , , , , , , , ,1010,145,20, , , , , , , , , , , , , , , , , , , , , , , , , , , , , , , , , , , , , , , , , , , , , , , , , , , , , , , , , , , , , , , , , , , , , , , , , , , , , , , , , , , , , , , , , , , , , , , , , , , , , , , , , , , , , , , , , , , , , , , , ,9,263
2004086S29318,2004,17,SA,MM,NOT_NAMED,3/27/2004 18:00,TS,-29.6,-47.4,75,981,atcf,main,175,133,O_____________,atcf,AL502004,-29.6,-47.4, ,HU,75,981,1,75,75,75,75, , , , , , , , ,1012,140,20, , , , , , , , , , , , , , , , , , , , , , , , , , , , , , , , , , , , , , , , , , , , , , , , , , , , , , , , , , , , , , , , , , , , , , , , , , , , , , , , , , , , , , , , , , , , , , , , , , , , , , , , , , , , , , , , , , , , , , , , ,9,277
2004086S29318,2004,17,SA,MM,NOT_NAMED,3/27/2004 21:00,TS,-29.4796,-47.8852, , , ,main,133,87,P_____________, ,AL502004,-29.4796,-47.8852, ,HU,75,981,1,75,75,75,75, , , , , , , , ,1012,140,20, , , , , , , , , , , , , , , , , , , , , , , , , , , , , , , , , , , , , , , , , , , , , , , , , , , , , , , , , , , , , , , , , , , , , , , , , , , , , , , , , , , , , , , , , , , , , , , , , , , , , , , , , , , , , , , , , , , , , , , , ,9,289
2004086S29318,2004,17,SA,MM,NOT_NAMED,3/28/2004 0:00,TS,-29.3,-48.4,75,981,atcf,main,87,51,O_____________,atcf,AL502004,-29.3,-48.4, ,HU,75,981,1,75,75,75,75, , , , , , , , ,1012,140,20, , , , , , , , , , , , , , , , , , , , , , , , , , , , , , , , , , , , , , , , , , , , , , , , , , , , , , , , , , , , , , , , , , , , , , , , , , , , , , , , , , , , , , , , , , , , , , , , , , , , , , , , , , , , , , , , , , , , , , , , ,11,287
2004086S29318,2004,17,SA,MM,NOT_NAMED,3/28/2004 3:00,TS,-29.1655,-49.0375, , , ,main,51,0,P_____________, ,AL502004,-29.1655,-49.0375, ,HU,75,981,1, , , , , , , , , , , , , , , , , , , , , , , , , , , , , , , , , , , , , , , , , , , , , , , , , , , , , , , , , , , , , , , , , , , , , , , , , , , , , , , , , , , , , , , , , , , , , , , , , , , , , , , , , , , , , , , , , , , , , , , , , , , , , , , , , , , , , , , ,11,286
2004086S29318,2004,17,SA,MM,NOT_NAMED,3/28/2004 6:00,TS,-29,-49.6,75,981,atcf,main,0,0,O_____________,atcf,AL502004,-29,-49.6, ,HU,75,981,1, , , , , , , , , , , , , , , , , , , , , , , , , , , , , , , , , , , , , , , , , , , , , , , , , , , , , , , , , , , , , , , , , , , , , , , , , , , , , , , , , , , , , , , , , , , , , , , , , , , , , , , , , , , , , , , , , , , , , , , , , , , , , , , , , , , , , , , ,9,297
2004086S29318,2004,17,SA,MM,NOT_NAMED,3/28/2004 9:00,TS,-28.7696,-49.925, , , ,main,0,0,P_____________, ,AL502004,-28.7696,-49.925, ,HU,62,989,0, , , , , , , , , , , , , , , , , , , , , , , , , , , , , , , , , , , , , , , , , , , , , , , , , , , , , , , , , , , , , , , , , , , , , , , , , , , , , , , , , , , , , , , , , , , , , , , , , , , , , , , , , , , , , , , , , , , , , , , , , , , , , , , , , , , , , , , ,7,319
2004086S29318,2004,17,SA,MM,NOT_NAMED,3/28/2004 12:00,TS,-28.5,-50.1,50,997,atcf,main,0, ,O_____________,atcf,AL502004,-28.5,-50.1, ,TS,50,997,0, , , , , , , , , , , , ,1008,120,20, , , , , , , , , , , , , , , , , , , , , , , , , , , , , , , , , , , , , , , , , , , , , , , , , , , , , , , , , , , , , , , , , , , , , , , , , , , , , , , , , , , , , , , , , , , , , , , , , , , , , , , , , , , , , , , , , , , , , , , , ,6,331
2010067S25317,2010,15,SA,MM,NOT_NAMED,3/8/2010 0:00,DS,-25.2,-42.6,30,1000,atcf,main,249,249,O_____________,atcf,SL502010,-25.2,-42.6, ,LO,30,1000,-3, , , , , , , , , , , , , , , , , , , , , , , , , , , , , , , , , , , , , , , , , , , , , , , , , , , , , , , , , , , , , , , , , , , , , , , , , , , , , , , , , , , , , , , , , , , , , , , , , , , , , , , , , , , , , , , , , , , , , , , , , , , , , , , , , , , , , , , ,7,185
2010067S25317,2010,15,SA,MM,NOT_NAMED,3/8/2010 3:00,DS,-25.5677,-42.6411, , , ,main,293,293,P_____________, ,SL502010,-25.5677,-42.6411, ,LO,30,1002,-3, , , , , , , , , , , , , , , , , , , , , , , , , , , , , , , , , , , , , , , , , , , , , , , , , , , , , , , , , , , , , , , , , , , , , , , , , , , , , , , , , , , , , , , , , , , , , , , , , , , , , , , , , , , , , , , , , , , , , , , , , , , , , , , , , , , , , , , ,8,179
2010067S25317,2010,15,SA,MM,NOT_NAMED,3/8/2010 6:00,DS,-26,-42.6,30,1005,atcf,main,337,337,O_____________,atcf,SL502010,-26,-42.6, ,LO,30,1005,-3, , , , , , , , , , , , , , , , , , , , , , , , , , , , , , , , , , , , , , , , , , , , , , , , , , , , , , , , , , , , , , , , , , , , , , , , , , , , , , , , , , , , , , , , , , , , , , , , , , , , , , , , , , , , , , , , , , , , , , , , , , , , , , , , , , , , , , , ,10,172
2010067S25317,2010,15,SA,MM,NOT_NAMED,3/8/2010 9:00,DS,-26.5593,-42.4757, , , ,main,405,405,P_____________, ,SL502010,-26.5593,-42.4757, ,LO,30,1005,-3, , , , , , , , , , , , , , , , , , , , , , , , , , , , , , , , , , , , , , , , , , , , , , , , , , , , , , , , , , , , , , , , , , , , , , , , , , , , , , , , , , , , , , , , , , , , , , , , , , , , , , , , , , , , , , , , , , , , , , , , , , , , , , , , , , , , , , , ,13,179
2010067S25317,2010,15,SA,MM,NOT_NAMED,3/8/2010 12:00,DS,-27.3,-42.6,30,1005,atcf,main,479,479,O_____________,atcf,SL502010,-27.3,-42.6, ,LO,30,1005,-3, , , , , , , , , , , , , , , , , , , , , , , , , , , , , , , , , , , , , , , , , , , , , , , , , , , , , , , , , , , , , , , , , , , , , , , , , , , , , , , , , , , , , , , , , , , , , , , , , , , , , , , , , , , , , , , , , , , , , , , , , , , , , , , , , , , , , , , ,20,204
2010067S25317,2010,15,SA,MM,NOT_NAMED,3/8/2010 15:00,DS,-28.3467,-43.3547, , , ,main,510,436,P_____________, ,SL502010,-28.3467,-43.3547, ,LO,30,1005,-3, , , , , , , , , , , , , , , , , , , , , , , , , , , , , , , , , , , , , , , , , , , , , , , , , , , , , , , , , , , , , , , , , , , , , , , , , , , , , , , , , , , , , , , , , , , , , , , , , , , , , , , , , , , , , , , , , , , , , , , , , , , , , , , , , , , , , , , ,25,217
2010067S25317,2010,15,SA,MM,NOT_NAMED,3/8/2010 18:00,DS,-29.3,-44.3,30,1005,atcf,main,436,392,O_____________,atcf,SL502010,-29.3,-44.3, ,LO,30,1005,-3, , , , , , , , , , , , , , , , , , , , , , , , , , , , , , , , , , , , , , , , , , , , , , , , , , , , , , , , , , , , , , , , , , , , , , , , , , , , , , , , , , , , , , , , , , , , , , , , , , , , , , , , , , , , , , , , , , , , , , , , , , , , , , , , , , , , , , , ,20,224
2010067S25317,2010,15,SA,MM,NOT_NAMED,3/8/2010 21:00,DS,-29.7691,-44.9475, , , ,main,396,352,P_____________, ,SL502010,-29.7691,-44.9475, ,LO,30,1005,-3, , , , , , , , , , , , , , , , , , , , , , , , , , , , , , , , , , , , , , , , , , , , , , , , , , , , , , , , , , , , , , , , , , , , , , , , , , , , , , , , , , , , , , , , , , , , , , , , , , , , , , , , , , , , , , , , , , , , , , , , , , , , , , , , , , , , , , , ,13,236
2010067S25317,2010,15,SA,MM,NOT_NAMED,3/9/2010 0:00,DS,-30,-45.5,30,1005,atcf,main,352,322,O_____________,atcf,SL502010,-30,-45.5, ,LO,30,1005,-3, , , , , , , , , , , , ,1010,200,45, , , , , , , , , , , , , , , , , , , , , , , , , , , , , , , , , , , , , , , , , , , , , , , , , , , , , , , , , , , , , , , , , , , , , , , , , , , , , , , , , , , , , , , , , , , , , , , , , , , , , , , , , , , , , , , , , , , , , , , , ,10,243
2010067S25317,2010,15,SA,MM,NOT_NAMED,3/9/2010 3:00,DS,-30.2441,-46.0204, , , ,main,322,292,P_____________, ,SL502010,-30.2441,-46.0204, ,LO,30,1005,-3, , , , , , , , , , , , , , , , , , , , , , , , , , , , , , , , , , , , , , , , , , , , , , , , , , , , , , , , , , , , , , , , , , , , , , , , , , , , , , , , , , , , , , , , , , , , , , , , , , , , , , , , , , , , , , , , , , , , , , , , , , , , , , , , , , , , , , , ,10,247
2010067S25317,2010,15,SA,MM,NOT_NAMED,3/9/2010 6:00,DS,-30.4,-46.6,30,1005,atcf,main,292,251,O_____________,atcf,SL502010,-30.4,-46.6, ,LO,30,1005,-3, , , , , , , , , , , , , , , , , , , , , , , , , , , , , , , , , , , , , , , , , , , , , , , , , , , , , , , , , , , , , , , , , , , , , , , , , , , , , , , , , , , , , , , , , , , , , , , , , , , , , , , , , , , , , , , , , , , , , , , , , , , , , , , , , , , , , , , ,13,258
2010067S25317,2010,15,SA,MM,NOT_NAMED,3/9/2010 9:00,DS,-30.5115,-47.4674, , , ,main,246,189,P_____________, ,SL502010,-30.5115,-47.4674, ,LO,30,1005,-3, , , , , , , , , , , , , , , , , , , , , , , , , , , , , , , , , , , , , , , , , , , , , , , , , , , , , , , , , , , , , , , , , , , , , , , , , , , , , , , , , , , , , , , , , , , , , , , , , , , , , , , , , , , , , , , , , , , , , , , , , , , , , , , , , , , , , , , ,14,266
2010067S25317,2010,15,SA,MM,NOT_NAMED,3/9/2010 12:00,DS,-30.5,-48.2,30,1005,atcf,main,189,163,O_____________,atcf,SL502010,-30.5,-48.2, ,LO,30,1005,-3, , , , , , , , , , , , ,1010,200,30, , , , , , , , , , , , , , , , , , , , , , , , , , , , , , , , , , , , , , , , , , , , , , , , , , , , , , , , , , , , , , , , , , , , , , , , , , , , , , , , , , , , , , , , , , , , , , , , , , , , , , , , , , , , , , , , , , , , , , , , ,9,282
2010067S25317,2010,15,SA,MM,NOT_NAMED,3/9/2010 15:00,DS,-30.3291,-48.4352, , , ,main,163,153,P_____________, ,SL502010,-30.3291,-48.4352, ,LO,30,1002,-3, , , , , , , , , , , , , , , , , , , , , , , , , , , , , , , , , , , , , , , , , , , , , , , , , , , , , , , , , , , , , , , , , , , , , , , , , , , , , , , , , , , , , , , , , , , , , , , , , , , , , , , , , , , , , , , , , , , , , , , , , , , , , , , , , , , , , , , ,4,337
2010067S25317,2010,15,SA,MM,NOT_NAMED,3/9/2010 18:00,DS,-30.1,-48.4,30,1000,atcf,main,153,147,O_____________,atcf,SL502010,-30.1,-48.4, ,LO,30,1000,-3, , , , , , , , , , , , , , , , , , , , , , , , , , , , , , , , , , , , , , , , , , , , , , , , , , , , , , , , , , , , , , , , , , , , , , , , , , , , , , , , , , , , , , , , , , , , , , , , , , , , , , , , , , , , , , , , , , , , , , , , , , , , , , , , , , , , , , , ,4,12
2010067S25317,2010,15,SA,MM,NOT_NAMED,3/9/2010 21:00,DS,-29.935,-48.3299, , , ,main,150,146,P_____________, ,SL502010,-29.935,-48.3299, ,LO,32,1001,-3, , , , , , , , , , , , , , , , , , , , , , , , , , , , , , , , , , , , , , , , , , , , , , , , , , , , , , , , , , , , , , , , , , , , , , , , , , , , , , , , , , , , , , , , , , , , , , , , , , , , , , , , , , , , , , , , , , , , , , , , , , , , , , , , , , , , , , , ,3,30
2010067S25317,2010,15,SA,MM,NOT_NAMED,3/10/2010 0:00,DS,-29.8,-48.2,35,1003,atcf,main,146,135,O_____________,atcf,SL502010,-29.8,-48.2, ,LO,35,1003,-3, ,30,30, , , , , , , , , ,1010,200,30, , , , , , , , , , , , , , , , , , , , , , , , , , , , , , , , , , , , , , , , , , , , , , , , , , , , , , , , , , , , , , , , , , , , , , , , , , , , , , , , , , , , , , , , , , , , , , , , , , , , , , , , , , , , , , , , , , , , , , , , ,3,34
2010067S25317,2010,15,SA,MM,NOT_NAMED,3/10/2010 3:00,DS,-29.6699,-48.1225, , , ,main,140,130,P_____________, ,SL502010,-29.6699,-48.1225, ,LO,37,1001,-3, ,32,32, , , , , , , , , , , , , , , , , , , , , , , , , , , , , , , , , , , , , , , , , , , , , , , , , , , , , , , , , , , , , , , , , , , , , , , , , , , , , , , , , , , , , , , , , , , , , , , , , , , , , , , , , , , , , , , , , , , , , , , , , , , , , , , , , , , , ,3,41
2010067S25317,2010,15,SA,MM,NOT_NAMED,3/10/2010 6:00,DS,-29.6,-48,40,1000,atcf,main,135,135,O_____________,atcf,SL502010,-29.6,-48, ,LO,40,1000,-3,35,35,35,35, , , , , , , , , , , , , , , , , , , , , , , , , , , , , , , , , , , , , , , , , , , , , , , , , , , , , , , , , , , , , , , , , , , , , , , , , , , , , , , , , , , , , , , , , , , , , , , , , , , , , , , , , , , , , , , , , , , , , , , , , , , , , , , , , , , ,3,82
2010067S25317,2010,15,SA,MM,NOT_NAMED,3/10/2010 9:00,DS,-29.6274,-47.7951, , , ,main,147,147,P_____________, ,SL502010,-29.6274,-47.7951, ,LO,40,1000,-3,35,35,35,35, , , , , , , , , , , , , , , , , , , , , , , , , , , , , , , , , , , , , , , , , , , , , , , , , , , , , , , , , , , , , , , , , , , , , , , , , , , , , , , , , , , , , , , , , , , , , , , , , , , , , , , , , , , , , , , , , , , , , , , , , , , , , , , , , , , ,4,103
2010067S25317,2010,15,SA,MM,NOT_NAMED,3/10/2010 12:00,DS,-29.7,-47.5,40,1000,atcf,main,175,175,O_____________,atcf,SL502010,-29.7,-47.5, ,LO,40,1000,-3,35,35,35,35, , , , , , , , ,1010,200,25, , , , , , , , , , , , , , , , , , , , , , , , , , , , , , , , , , , , , , , , , , , , , , , , , , , , , , , , , , , , , , , , , , , , , , , , , , , , , , , , , , , , , , , , , , , , , , , , , , , , , , , , , , , , , , , , , , , , , , , , ,6,101
2010067S25317,2010,15,SA,MM,NOT_NAMED,3/10/2010 15:00,DS,-29.7425,-47.1299, , , ,main,205,205,P_____________, ,SL502010,-29.7425,-47.1299, ,LO,40,1000,-3,35,35,35,35, , , , , , , , ,1010,200,25, , , , , , , , , , , , , , , , , , , , , , , , , , , , , , , , , , , , , , , , , , , , , , , , , , , , , , , , , , , , , , , , , , , , , , , , , , , , , , , , , , , , , , , , , , , , , , , , , , , , , , , , , , , , , , , , , , , , , , , , ,7,98
2010067S25317,2010,15,SA,MM,NOT_NAMED,3/10/2010 18:00,DS,-29.8,-46.7,40,1000,atcf,main,242,242,O_____________,atcf,SL502010,-29.8,-46.7, ,LO,40,1000,-3,35,35,35,35, , , , , , , , ,1010,200,25, , , , , , , , , , , , , , , , , , , , , , , , , , , , , , , , , , , , , , , , , , , , , , , , , , , , , , , , , , , , , , , , , , , , , , , , , , , , , , , , , , , , , , , , , , , , , , , , , , , , , , , , , , , , , , , , , , , , , , , , ,8,97
2010067S25317,2010,15,SA,MM,NOT_NAMED,3/10/2010 21:00,DS,-29.8399,-46.2568, , , ,main,274,274,P_____________, ,SL502010,-29.8399,-46.2568, ,LO,40,1000,-3,35,35,35,35, , , , , , , , ,1010,200,25, , , , , , , , , , , , , , , , , , , , , , , , , , , , , , , , , , , , , , , , , , , , , , , , , , , , , , , , , , , , , , , , , , , , , , , , , , , , , , , , , , , , , , , , , , , , , , , , , , , , , , , , , , , , , , , , , , , , , , , , ,8,104
2010067S25317,2010,15,SA,MM,NOT_NAMED,3/11/2010 0:00,DS,-30,-45.8,40,1000,atcf,main,327,327,O_____________,atcf,SL502010,-30,-45.8, ,LO,40,1000,-3,35,35,35,35, , , , , , , , ,1010,200,25, , , , , , , , , , , , , , , , , , , , , , , , , , , , , , , , , , , , , , , , , , , , , , , , , , , , , , , , , , , , , , , , , , , , , , , , , , , , , , , , , , , , , , , , , , , , , , , , , , , , , , , , , , , , , , , , , , , , , , , , ,10,125
2010067S25317,2010,15,SA,MM,NOT_NAMED,3/11/2010 3:00,DS,-30.3899,-45.3502, , , ,main,383,383,P_____________, ,SL502010,-30.3899,-45.3502, ,LO,40,1000,-3,35,35,35,35, , , , , , , , , , , , , , , , , , , , , , , , , , , , , , , , , , , , , , , , , , , , , , , , , , , , , , , , , , , , , , , , , , , , , , , , , , , , , , , , , , , , , , , , , , , , , , , , , , , , , , , , , , , , , , , , , , , , , , , , , , , , , , , , , , , ,12,139
2010067S25317,2010,15,SA,MM,NOT_NAMED,3/11/2010 6:00,DS,-30.9,-44.9,40,1000,atcf,main,453,453,O_____________,atcf,SL502010,-30.9,-44.9, ,LO,40,1000,-3,35,35,35,35, , , , , , , , , , , , , , , , , , , , , , , , , , , , , , , , , , , , , , , , , , , , , , , , , , , , , , , , , , , , , , , , , , , , , , , , , , , , , , , , , , , , , , , , , , , , , , , , , , , , , , , , , , , , , , , , , , , , , , , , , , , , , , , , , , , ,12,144
2010067S25317,2010,15,SA,MM,NOT_NAMED,3/11/2010 9:00,DS,-31.3915,-44.5086, , , ,main,517,517,P_____________, ,SL502010,-31.3915,-44.5086, ,LO,40,1000,-3,35,35,42,35, , , , , , , , , , , , , , , , , , , , , , , , , , , , , , , , , , , , , , , , , , , , , , , , , , , , , , , , , , , , , , , , , , , , , , , , , , , , , , , , , , , , , , , , , , , , , , , , , , , , , , , , , , , , , , , , , , , , , , , , , , , , , , , , , , , ,13,142
2010067S25317,2010,15,SA,MM,NOT_NAMED,3/11/2010 12:00,DS,-31.9,-44,40,1000,atcf,main,589,589,O_____________,atcf,SL502010,-31.9,-44, ,LO,40,1000,-3,35,35,50,35, , , , , , , , ,1010,200,25, , , , , , , , , , , , , , , , , , , , , , , , , , , , , , , , , , , , , , , , , , , , , , , , , , , , , , , , , , , , , , , , , , , , , , , , , , , , , , , , , , , , , , , , , , , , , , , , , , , , , , , , , , , , , , , , , , , , , , , , ,15,133
2010067S25317,2010,15,SA,MM,NOT_NAMED,3/11/2010 15:00,DS,-32.4228,-43.2181, , , ,main,682,682,P_____________, ,SL502010,-32.4228,-43.2181, ,LO,40,1000,-3,35,35,50,35, , , , , , , , ,1010,200,25, , , , , , , , , , , , , , , , , , , , , , , , , , , , , , , , , , , , , , , , , , , , , , , , , , , , , , , , , , , , , , , , , , , , , , , , , , , , , , , , , , , , , , , , , , , , , , , , , , , , , , , , , , , , , , , , , , , , , , , , ,17,125
2010067S25317,2010,15,SA,MM,NOT_NAMED,3/11/2010 18:00,DS,-32.9,-42.3,40,1000,atcf,main,783,783,O_____________,atcf,SL502010,-32.9,-42.3, ,LO,40,1000,-3,35,35,50,35, , , , , , , , ,1010,200,25, , , , , , , , , , , , , , , , , , , , , , , , , , , , , , , , , , , , , , , , , , , , , , , , , , , , , , , , , , , , , , , , , , , , , , , , , , , , , , , , , , , , , , , , , , , , , , , , , , , , , , , , , , , , , , , , , , , , , , , , ,17,119
2010067S25317,2010,15,SA,MM,NOT_NAMED,3/11/2010 21:00,DS,-33.2328,-41.4712, , , ,main,863,863,P_____________, ,SL502010,-33.2328,-41.4712, ,LO,42,997,-3,67,42,50,67, , , , , , , , , , , , , , , , , , , , , , , , , , , , , , , , , , , , , , , , , , , , , , , , , , , , , , , , , , , , , , , , , , , , , , , , , , , , , , , , , , , , , , , , , , , , , , , , , , , , , , , , , , , , , , , , , , , , , , , , , , , , , , , , , , , ,17,115
2010067S25317,2010,15,SA,MM,NOT_NAMED,3/12/2010 0:00,DS,-33.6,-40.5,45,995,atcf,main,964,964,O_____________,atcf,SL502010,-33.6,-40.5, ,LO,45,995,-3,100,50,50,100, , , , , , , , , , , , , , , , , , , , , , , , , , , , , , , , , , , , , , , , , , , , , , , , , , , , , , , , , , , , , , , , , , , , , , , , , , , , , , , , , , , , , , , , , , , , , , , , , , , , , , , , , , , , , , , , , , , , , , , , , , , , , , , , , , , ,21,116
2010067S25317,2010,15,SA,MM,NOT_NAMED,3/12/2010 3:00,DS,-34.1248,-39.238, , , ,main,1095,1095,P_____________, ,SL502010,-34.1248,-39.238, ,LO,45,995,-3,100,50,50,100, , , , , , , , , , , , , , , , , , , , , , , , , , , , , , , , , , , , , , , , , , , , , , , , , , , , , , , , , , , , , , , , , , , , , , , , , , , , , , , , , , , , , , , , , , , , , , , , , , , , , , , , , , , , , , , , , , , , , , , , , , , , , , , , , , , ,25,118
2010067S25317,2010,15,SA,MM,NOT_NAMED,3/12/2010 6:00,DS,-34.8,-37.8,45,995,atcf,main,1245,1245,O_____________,atcf,SL502010,-34.8,-37.8, ,LO,45,995,-3,100,50,50,100, , , , , , , , , , , , , , , , , , , , , , , , , , , , , , , , , , , , , , , , , , , , , , , , , , , , , , , , , , , , , , , , , , , , , , , , , , , , , , , , , , , , , , , , , , , , , , , , , , , , , , , , , , , , , , , , , , , , , , , , , , , , , , , , , , , ,28,122
2010067S25317,2010,15,SA,MM,NOT_NAMED,3/12/2010 9:00,DS,-35.6251,-36.3589, , , ,main,1400,1400,P_____________, ,SL502010,-35.6251,-36.3589, ,LO,45,995,-3,100,50,50,100, , , , , , , , , , , , , , , , , , , , , , , , , , , , , , , , , , , , , , , , , , , , , , , , , , , , , , , , , , , , , , , , , , , , , , , , , , , , , , , , , , , , , , , , , , , , , , , , , , , , , , , , , , , , , , , , , , , , , , , , , , , , , , , , , , , ,30,125
2010067S25317,2010,15,SA,MM,NOT_NAMED,3/12/2010 12:00,DS,-36.5,-34.8,45,995,atcf,main,1574,1574,O_____________,atcf,SL502010,-36.5,-34.8, ,LO,45,995,-3,100,50,50,100, , , , , , , , , , , , , , , , , , , , , , , , , , , , , , , , , , , , , , , , , , , , , , , , , , , , , , , , , , , , , , , , , , , , , , , , , , , , , , , , , , , , , , , , , , , , , , , , , , , , , , , , , , , , , , , , , , , , , , , , , , , , , , , , , , , ,31,122
2010067S25317,2010,15,SA,MM,NOT_NAMED,3/12/2010 15:00,DS,-37.2884,-33.0984, , , ,main,1750,1750,P_____________, ,SL502010,-37.2884,-33.0984, ,LO,45,995,-3,100,50,50,100, , , , , , , , , , , , , , , , , , , , , , , , , , , , , , , , , , , , , , , , , , , , , , , , , , , , , , , , , , , , , , , , , , , , , , , , , , , , , , , , , , , , , , , , , , , , , , , , , , , , , , , , , , , , , , , , , , , , , , , , , , , , , , , , , , , ,32,118
2010067S25317,2010,15,SA,MM,NOT_NAMED,3/12/2010 18:00,DS,-38,-31.3,45,995,atcf,main,1841, ,O_____________,atcf,SL502010,-38,-31.3, ,LO,45,995,-3,100,50,50,100, , , , , , , , , , , , , , , , , , , , , , , , , , , , , , , , , , , , , , , , , , , , , , , , , , , , , , , , , , , , , , , , , , , , , , , , , , , , , , , , , , , , , , , , , , , , , , , , , , , , , , , , , , , , , , , , , , , , , , , , , , , , , , , , , , , ,32,117
2011069S20321,2011,15,SA,MM,NOT_NAMED,3/9/2011 18:00,DS,-19.7,-39,20,1007,atcf,main,84,80,O_____________,atcf,SL502011,-19.7,-39, ,LO,20,1007,-3, , , , , , , , , , , , , , , , , , , , , , , , , , , , , , , , , , , , , , , , , , , , , , , , , , , , , , , , , , , , , , , , , , , , , , , , , , , , , , , , , , , , , , , , , , , , , , , , , , , , , , , , , , , , , , , , , , , , , , , , , , , , , , , , , , , , , , , ,4,195
2011069S20321,2011,15,SA,MM,NOT_NAMED,3/9/2011 21:00,DS,-19.895,-39.0574, , , ,main,80,80,P_____________, ,SL502011,-19.895,-39.0574, ,LO,20,1008,-3, , , , , , , , , , , , , , , , , , , , , , , , , , , , , , , , , , , , , , , , , , , , , , , , , , , , , , , , , , , , , , , , , , , , , , , , , , , , , , , , , , , , , , , , , , , , , , , , , , , , , , , , , , , , , , , , , , , , , , , , , , , , , , , , , , , , , , , ,3,197
2011069S20321,2011,15,SA,MM,NOT_NAMED,3/10/2011 0:00,DS,-20,-39.1,20,1009,atcf,main,85,85,O_____________,atcf,SL502011,-20,-39.1, ,LO,20,1009,-3, , , , , , , , , , , , , , , , , , , , , , , , , , , , , , , , , , , , , , , , , , , , , , , , , , , , , , , , , , , , , , , , , , , , , , , , , , , , , , , , , , , , , , , , , , , , , , , , , , , , , , , , , , , , , , , , , , , , , , , , , , , , , , , , , , , , , , , ,1,223
2011069S20321,2011,15,SA,MM,NOT_NAMED,3/10/2011 3:00,DS,-19.9525,-39.115, , , ,main,85,76,P_____________, ,SL502011,-19.9525,-39.115, ,LO,22,1008,-3, , , , , , , , , , , , , , , , , , , , , , , , , , , , , , , , , , , , , , , , , , , , , , , , , , , , , , , , , , , , , , , , , , , , , , , , , , , , , , , , , , , , , , , , , , , , , , , , , , , , , , , , , , , , , , , , , , , , , , , , , , , , , , , , , , , , , , , ,2,8
2011069S20321,2011,15,SA,MM,NOT_NAMED,3/10/2011 6:00,DS,-19.8,-39.1,25,1008,atcf,main,76,71,O_____________,atcf,SL502011,-19.8,-39.1, ,LO,25,1008,-3, , , , , , , , , , , , , , , , , , , , , , , , , , , , , , , , , , , , , , , , , , , , , , , , , , , , , , , , , , , , , , , , , , , , , , , , , , , , , , , , , , , , , , , , , , , , , , , , , , , , , , , , , , , , , , , , , , , , , , , , , , , , , , , , , , , , , , , ,3,10
2011069S20321,2011,15,SA,MM,NOT_NAMED,3/10/2011 9:00,DS,-19.615,-39.0499, , , ,main,80,74,P_____________, ,SL502011,-19.615,-39.0499, ,LO,25,1008,-3, , , , , , , , , , , , , , , , , , , , , , , , , , , , , , , , , , , , , , , , , , , , , , , , , , , , , , , , , , , , , , , , , , , , , , , , , , , , , , , , , , , , , , , , , , , , , , , , , , , , , , , , , , , , , , , , , , , , , , , , , , , , , , , , , , , , , , , ,4,13
2011069S20321,2011,15,SA,MM,NOT_NAMED,3/10/2011 12:00,DS,-19.4,-39,25,1009,atcf,main,74,73,O_____________,atcf,SL502011,-19.4,-39, ,LO,25,1009,-3, , , , , , , , , , , , , , , , , , , , , , , , , , , , , , , , , , , , , , , , , , , , , , , , , , , , , , , , , , , , , , , , , , , , , , , , , , , , , , , , , , , , , , , , , , , , , , , , , , , , , , , , , , , , , , , , , , , , , , , , , , , , , , , , , , , , , , , ,5,8
2011069S20321,2011,15,SA,MM,NOT_NAMED,3/10/2011 15:00,DS,-19.155,-38.9775, , , ,main,73,73,P_____________, ,SL502011,-19.155,-38.9775, ,LO,25,1008,-3, , , , , , , , , , , , , , , , , , , , , , , , , , , , , , , , , , , , , , , , , , , , , , , , , , , , , , , , , , , , , , , , , , , , , , , , , , , , , , , , , , , , , , , , , , , , , , , , , , , , , , , , , , , , , , , , , , , , , , , , , , , , , , , , , , , , , , , ,4,0
2011069S20321,2011,15,SA,MM,NOT_NAMED,3/10/2011 18:00,DS,-19,-39,25,1007,atcf,main,73,63,O_____________,atcf,SL502011,-19,-39, ,LO,25,1007,-3, , , , , , , , , , , , ,1009,150,60, , , , , , , , , , , , , , , , , , , , , , , , , , , , , , , , , , , , , , , , , , , , , , , , , , , , , , , , , , , , , , , , , , , , , , , , , , , , , , , , , , , , , , , , , , , , , , , , , , , , , , , , , , , , , , , , , , , , , , , , ,1,318
2011069S20321,2011,15,SA,MM,NOT_NAMED,3/10/2011 21:00,DS,-19.0625,-39.07, , , ,main,63,52,P_____________, ,SL502011,-19.0625,-39.07, ,LO,25,1007,-3, , , , , , , , , , , , , , , , , , , , , , , , , , , , , , , , , , , , , , , , , , , , , , , , , , , , , , , , , , , , , , , , , , , , , , , , , , , , , , , , , , , , , , , , , , , , , , , , , , , , , , , , , , , , , , , , , , , , , , , , , , , , , , , , , , , , , , , ,3,224
2011069S20321,2011,15,SA,MM,NOT_NAMED,3/11/2011 0:00,DS,-19.2,-39.2,25,1008,atcf,main,52,31,O_____________,atcf,SL502011,-19.2,-39.2, ,LO,25,1008,-3, , , , , , , , , , , , , , , , , , , , , , , , , , , , , , , , , , , , , , , , , , , , , , , , , , , , , , , , , , , , , , , , , , , , , , , , , , , , , , , , , , , , , , , , , , , , , , , , , , , , , , , , , , , , , , , , , , , , , , , , , , , , , , , , , , , , , , , ,4,237
2011069S20321,2011,15,SA,MM,NOT_NAMED,3/11/2011 3:00,DS,-19.2575,-39.3925, , , ,main,31,10,P_____________, ,SL502011,-19.2575,-39.3925, ,LO,25,1007,-3, , , , , , , , , , , , , , , , , , , , , , , , , , , , , , , , , , , , , , , , , , , , , , , , , , , , , , , , , , , , , , , , , , , , , , , , , , , , , , , , , , , , , , , , , , , , , , , , , , , , , , , , , , , , , , , , , , , , , , , , , , , , , , , , , , , , , , , ,4,255
2011069S20321,2011,15,SA,MM,NOT_NAMED,3/11/2011 6:00,DS,-19.3,-39.6,25,1007,atcf,main,10,0,O_____________,atcf,SL502011,-19.3,-39.6, ,LO,25,1007,-3, , , , , , , , , , , , , , , , , , , , , , , , , , , , , , , , , , , , , , , , , , , , , , , , , , , , , , , , , , , , , , , , , , , , , , , , , , , , , , , , , , , , , , , , , , , , , , , , , , , , , , , , , , , , , , , , , , , , , , , , , , , , , , , , , , , , , , , ,4,256
2011069S20321,2011,15,SA,MM,NOT_NAMED,3/11/2011 9:00,DS,-19.35,-39.78, , , ,main,0,0,P_____________, ,SL502011,-19.35,-39.78, ,LO,27,1008,-3, , , , , , , , , , , , , , , , , , , , , , , , , , , , , , , , , , , , , , , , , , , , , , , , , , , , , , , , , , , , , , , , , , , , , , , , , , , , , , , , , , , , , , , , , , , , , , , , , , , , , , , , , , , , , , , , , , , , , , , , , , , , , , , , , , , , , , , ,3,250
2011069S20321,2011,15,SA,MM,NOT_NAMED,3/11/2011 12:00,DS,-19.4,-39.9,30,1009,atcf,main,0,0,O_____________,atcf,SL502011,-19.4,-39.9, ,LO,30,1009,-3, , , , , , , , , , , , , , , , , , , , , , , , , , , , , , , , , , , , , , , , , , , , , , , , , , , , , , , , , , , , , , , , , , , , , , , , , , , , , , , , , , , , , , , , , , , , , , , , , , , , , , , , , , , , , , , , , , , , , , , , , , , , , , , , , , , , , , , ,2,219
2011069S20321,2011,15,SA,MM,NOT_NAMED,3/11/2011 15:00,DS,-19.4875,-39.9, , , ,main,0,0,P_____________, ,SL502011,-19.4875,-39.9, ,LO,30,1007,-3, , , , , , , , , , , , , , , , , , , , , , , , , , , , , , , , , , , , , , , , , , , , , , , , , , , , , , , , , , , , , , , , , , , , , , , , , , , , , , , , , , , , , , , , , , , , , , , , , , , , , , , , , , , , , , , , , , , , , , , , , , , , , , , , , , , , , , , ,1,0
2011069S20321,2011,15,SA,MM,NOT_NAMED,3/11/2011 18:00,DS,-19.5,-39.9,30,1006,atcf,main,0,0,O_____________,atcf,SL502011,-19.5,-39.9, ,LO,30,1006,-3, , , , , , , , , , , , ,1009,150,75, , , , , , , , , , , , , , , , , , , , , , , , , , , , , , , , , , , , , , , , , , , , , , , , , , , , , , , , , , , , , , , , , , , , , , , , , , , , , , , , , , , , , , , , , , , , , , , , , , , , , , , , , , , , , , , , , , , , , , , , ,2,324
2011069S20321,2011,15,SA,MM,NOT_NAMED,3/11/2011 21:00,DS,-19.2926,-40.0502, , , ,main,0,0,P_____________, ,SL502011,-19.2926,-40.0502, ,LO,30,1007,-3, , , , , , , , , , , , , , , , , , , , , , , , , , , , , , , , , , , , , , , , , , , , , , , , , , , , , , , , , , , , , , , , , , , , , , , , , , , , , , , , , , , , , , , , , , , , , , , , , , , , , , , , , , , , , , , , , , , , , , , , , , , , , , , , , , , , , , , ,5,325
2011069S20321,2011,15,SA,MM,NOT_NAMED,3/12/2011 0:00,DS,-19.1,-40.2,30,1008,atcf,main,0,0,O_____________,atcf,SL502011,-19.1,-40.2, ,LO,30,1008,-3, , , , , , , , , , , , , , , , , , , , , , , , , , , , , , , , , , , , , , , , , , , , , , , , , , , , , , , , , , , , , , , , , , , , , , , , , , , , , , , , , , , , , , , , , , , , , , , , , , , , , , , , , , , , , , , , , , , , , , , , , , , , , , , , , , , , , , , ,2,312
2011069S20321,2011,15,SA,MM,NOT_NAMED,3/12/2011 3:00,DS,-19.1475,-40.2225, , , ,main,0,0,P_____________, ,SL502011,-19.1475,-40.2225, ,LO,30,1007,-3, , , , , , , , , , , , , , , , , , , , , , , , , , , , , , , , , , , , , , , , , , , , , , , , , , , , , , , , , , , , , , , , , , , , , , , , , , , , , , , , , , , , , , , , , , , , , , , , , , , , , , , , , , , , , , , , , , , , , , , , , , , , , , , , , , , , , , , ,2,172
2011069S20321,2011,15,SA,MM,NOT_NAMED,3/12/2011 6:00,DS,-19.3,-40.2,30,1007,atcf,main,0,0,O_____________,atcf,SL502011,-19.3,-40.2, ,LO,30,1007,-3, , , , , , , , , , , , , , , , , , , , , , , , , , , , , , , , , , , , , , , , , , , , , , , , , , , , , , , , , , , , , , , , , , , , , , , , , , , , , , , , , , , , , , , , , , , , , , , , , , , , , , , , , , , , , , , , , , , , , , , , , , , , , , , , , , , , , , , ,3,175
2011069S20321,2011,15,SA,MM,NOT_NAMED,3/12/2011 9:00,DS,-19.4425,-40.2075, , , ,main,0,0,P_____________, ,SL502011,-19.4425,-40.2075, ,LO,30,1007,-3, , , , , , , , , , , , , , , , , , , , , , , , , , , , , , , , , , , , , , , , , , , , , , , , , , , , , , , , , , , , , , , , , , , , , , , , , , , , , , , , , , , , , , , , , , , , , , , , , , , , , , , , , , , , , , , , , , , , , , , , , , , , , , , , , , , , , , , ,3,0
2011069S20321,2011,15,SA,MM,NOT_NAMED,3/12/2011 12:00,DS,-19.6,-40.2,30,1008,atcf,main,0,0,O_____________,atcf,SL502011,-19.6,-40.2, ,LO,30,1008,-3, , , , , , , , , , , , , , , , , , , , , , , , , , , , , , , , , , , , , , , , , , , , , , , , , , , , , , , , , , , , , , , , , , , , , , , , , , , , , , , , , , , , , , , , , , , , , , , , , , , , , , , , , , , , , , , , , , , , , , , , , , , , , , , , , , , , , , , ,3,171
2011069S20321,2011,15,SA,MM,NOT_NAMED,3/12/2011 15:00,DS,-19.765,-40.1425, , , ,main,0,0,P_____________, ,SL502011,-19.765,-40.1425, ,LO,30,1006,-3, , , , , , , , , , , , , , , , , , , , , , , , , , , , , , , , , , , , , , , , , , , , , , , , , , , , , , , , , , , , , , , , , , , , , , , , , , , , , , , , , , , , , , , , , , , , , , , , , , , , , , , , , , , , , , , , , , , , , , , , , , , , , , , , , , , , , , , ,3,163
2011069S20321,2011,15,SA,MM,NOT_NAMED,3/12/2011 18:00,DS,-19.9,-40.1,30,1005,atcf,main,10,0,O_____________,atcf,SL502011,-19.9,-40.1, ,LO,30,1005,-3, , , , , , , , , , , , ,1008,150,75, , , , , , , , , , , , , , , , , , , , , , , , , , , , , , , , , , , , , , , , , , , , , , , , , , , , , , , , , , , , , , , , , , , , , , , , , , , , , , , , , , , , , , , , , , , , , , , , , , , , , , , , , , , , , , , , , , , , , , , , ,2,172
2011069S20321,2011,15,SA,MM,NOT_NAMED,3/12/2011 21:00,DS,-19.9725,-40.1125, , , ,main,0,0,P_____________, ,SL502011,-19.9725,-40.1125, ,LO,30,1005,-3, , , , , , , , , , , , ,1008,150,75, , , , , , , , , , , , , , , , , , , , , , , , , , , , , , , , , , , , , , , , , , , , , , , , , , , , , , , , , , , , , , , , , , , , , , , , , , , , , , , , , , , , , , , , , , , , , , , , , , , , , , , , , , , , , , , , , , , , , , , , ,1,223
2011069S20321,2011,15,SA,MM,NOT_NAMED,3/13/2011 0:00,DS,-20,-40.2,30,1006,atcf,main,0,0,O_____________,atcf,SL502011,-20,-40.2, ,LO,30,1006,-3, , , , , , , , , , , , ,1009,150,75, , , , , , , , , , , , , , , , , , , , , , , , , , , , , , , , , , , , , , , , , , , , , , , , , , , , , , , , , , , , , , , , , , , , , , , , , , , , , , , , , , , , , , , , , , , , , , , , , , , , , , , , , , , , , , , , , , , , , , , , ,3,262
2011069S20321,2011,15,SA,MM,NOT_NAMED,3/13/2011 3:00,DS,-20.0075,-40.3775, , , ,main,0,0,P_____________, ,SL502011,-20.0075,-40.3775, ,LO,30,1005,-3, , , , , , , , , , , , , , , , , , , , , , , , , , , , , , , , , , , , , , , , , , , , , , , , , , , , , , , , , , , , , , , , , , , , , , , , , , , , , , , , , , , , , , , , , , , , , , , , , , , , , , , , , , , , , , , , , , , , , , , , , , , , , , , , , , , , , , , ,4,270
2011069S20321,2011,15,SA,MM,NOT_NAMED,3/13/2011 6:00,DS,-20,-40.6,30,1005,atcf,main,0,0,O_____________,atcf,SL502011,-20,-40.6, ,LO,30,1005,-3, , , , , , , , , , , , , , , , , , , , , , , , , , , , , , , , , , , , , , , , , , , , , , , , , , , , , , , , , , , , , , , , , , , , , , , , , , , , , , , , , , , , , , , , , , , , , , , , , , , , , , , , , , , , , , , , , , , , , , , , , , , , , , , , , , , , , , , ,4,271
2011069S20321,2011,15,SA,MM,NOT_NAMED,3/13/2011 9:00,DS,-20,-40.845, , , ,main,0,0,P_____________, ,SL502011,-20,-40.845, ,LO,30,1004,-3, , , , , , , , , , , , , , , , , , , , , , , , , , , , , , , , , , , , , , , , , , , , , , , , , , , , , , , , , , , , , , , , , , , , , , , , , , , , , , , , , , , , , , , , , , , , , , , , , , , , , , , , , , , , , , , , , , , , , , , , , , , , , , , , , , , , , , , ,4,270
2011069S20321,2011,15,SA,MM,NOT_NAMED,3/13/2011 12:00,DS,-20,-41,30,1004,atcf,main,0,0,O_____________,atcf,SL502011,-20,-41, ,LO,30,1004,-3, , , , , , , , , , , , , , , , , , , , , , , , , , , , , , , , , , , , , , , , , , , , , , , , , , , , , , , , , , , , , , , , , , , , , , , , , , , , , , , , , , , , , , , , , , , , , , , , , , , , , , , , , , , , , , , , , , , , , , , , , , , , , , , , , , , , , , , ,1,290
2011069S20321,2011,15,SA,MM,NOT_NAMED,3/13/2011 15:00,DS,-19.97,-40.93, , , ,main,0,0,P_____________, ,SL502011,-19.97,-40.93, ,LO,30,1002,-3, , , , , , , , , , , , , , , , , , , , , , , , , , , , , , , , , , , , , , , , , , , , , , , , , , , , , , , , , , , , , , , , , , , , , , , , , , , , , , , , , , , , , , , , , , , , , , , , , , , , , , , , , , , , , , , , , , , , , , , , , , , , , , , , , , , , , , , ,2,90
2011069S20321,2011,15,SA,MM,NOT_NAMED,3/13/2011 18:00,DS,-20,-40.8,30,1001,atcf,main,0,0,O_____________,atcf,SL502011,-20,-40.8, ,LO,30,1001,-3, , , , , , , , , , , , ,1006,150,75, , , , , , , , , , , , , , , , , , , , , , , , , , , , , , , , , , , , , , , , , , , , , , , , , , , , , , , , , , , , , , , , , , , , , , , , , , , , , , , , , , , , , , , , , , , , , , , , , , , , , , , , , , , , , , , , , , , , , , , , ,2,135
2011069S20321,2011,15,SA,MM,NOT_NAMED,3/13/2011 21:00,DS,-20.11,-40.785, , , ,main,0,0,P_____________, ,SL502011,-20.11,-40.785, ,LO,30,1001,-3, , , , , , , , , , , , , , , , , , , , , , , , , , , , , , , , , , , , , , , , , , , , , , , , , , , , , , , , , , , , , , , , , , , , , , , , , , , , , , , , , , , , , , , , , , , , , , , , , , , , , , , , , , , , , , , , , , , , , , , , , , , , , , , , , , , , , , , ,4,0
2011069S20321,2011,15,SA,MM,NOT_NAMED,3/14/2011 0:00,DS,-20.4,-40.8,30,1001,atcf,main,0,0,O_____________,atcf,SL502011,-20.4,-40.8, ,LO,30,1001,-3, , , , , , , , , , , , , , , , , , , , , , , , , , , , , , , , , , , , , , , , , , , , , , , , , , , , , , , , , , , , , , , , , , , , , , , , , , , , , , , , , , , , , , , , , , , , , , , , , , , , , , , , , , , , , , , , , , , , , , , , , , , , , , , , , , , , , , , ,9,0
2011069S20321,2011,15,SA,MM,NOT_NAMED,3/14/2011 3:00,DS,-20.97,-40.8074, , , ,main,10,10,P_____________, ,SL502011,-20.97,-40.8074, ,LO,30,1001,-3, , , , , , , , , , , , , , , , , , , , , , , , , , , , , , , , , , , , , , , , , , , , , , , , , , , , , , , , , , , , , , , , , , , , , , , , , , , , , , , , , , , , , , , , , , , , , , , , , , , , , , , , , , , , , , , , , , , , , , , , , , , , , , , , , , , , , , , ,12,179
2011069S20321,2011,15,SA,MM,NOT_NAMED,3/14/2011 6:00,DS,-21.6,-40.8,30,1002,atcf,main,31,20,O_____________,atcf,SL502011,-21.6,-40.8, ,LO,30,1002,-3, , , , , , , , , , , , , , , , , , , , , , , , , , , , , , , , , , , , , , , , , , , , , , , , , , , , , , , , , , , , , , , , , , , , , , , , , , , , , , , , , , , , , , , , , , , , , , , , , , , , , , , , , , , , , , , , , , , , , , , , , , , , , , , , , , , , , , , ,11,0
2011069S20321,2011,15,SA,MM,NOT_NAMED,3/14/2011 9:00,DS,-22.0674,-40.7874, , , ,main,23,23,P_____________, ,SL502011,-22.0674,-40.7874, ,LO,30,1002,-3, , , , , , , , , , , , , , , , , , , , , , , , , , , , , , , , , , , , , , , , , , , , , , , , , , , , , , , , , , , , , , , , , , , , , , , , , , , , , , , , , , , , , , , , , , , , , , , , , , , , , , , , , , , , , , , , , , , , , , , , , , , , , , , , , , , , , , , ,8,174
2011069S20321,2011,15,SA,MM,NOT_NAMED,3/14/2011 12:00,DS,-22.4,-40.7,30,1003,atcf,main,54,54,O_____________,atcf,SL502011,-22.4,-40.7, ,LO,30,1003,-3, , , , , , , , , , , , ,1007,175,100, , , , , , , , , , , , , , , , , , , , , , , , , , , , , , , , , , , , , , , , , , , , , , , , , , , , , , , , , , , , , , , , , , , , , , , , , , , , , , , , , , , , , , , , , , , , , , , , , , , , , , , , , , , , , , , , , , , , , , , , ,5,155
2011069S20321,2011,15,SA,MM,NOT_NAMED,3/14/2011 15:00,DS,-22.542,-40.5467, , , ,main,75,75,P_____________, ,SL502011,-22.542,-40.5467, ,LO,30,1001,-3, , , , , , , , , , , , ,1006,175,100, , , , , , , , , , , , , , , , , , , , , , , , , , , , , , , , , , , , , , , , , , , , , , , , , , , , , , , , , , , , , , , , , , , , , , , , , , , , , , , , , , , , , , , , , , , , , , , , , , , , , , , , , , , , , , , , , , , , , , , , ,6,123
2011069S20321,2011,15,SA,MM,NOT_NAMED,3/14/2011 18:00,DS,-22.7,-40.2,30,1000,atcf,main,113,113,O_____________,atcf,SL502011,-22.7,-40.2, ,LO,30,1000,-3, , , , , , , , , , , , ,1005,175,100, , , , , , , , , , , , , , , , , , , , , , , , , , , , , , , , , , , , , , , , , , , , , , , , , , , , , , , , , , , , , , , , , , , , , , , , , , , , , , , , , , , , , , , , , , , , , , , , , , , , , , , , , , , , , , , , , , , , , , , , ,11,122
2011069S20321,2011,15,SA,MM,NOT_NAMED,3/14/2011 21:00,DS,-23.1207,-39.546, , , ,main,197,197,P_____________, ,SL502011,-23.1207,-39.546, ,LO,30,1000,-3, , , , , , , , , , , , , , , , , , , , , , , , , , , , , , , , , , , , , , , , , , , , , , , , , , , , , , , , , , , , , , , , , , , , , , , , , , , , , , , , , , , , , , , , , , , , , , , , , , , , , , , , , , , , , , , , , , , , , , , , , , , , , , , , , , , , , , , ,16,125
2011069S20321,2011,15,SA,MM,NOT_NAMED,3/15/2011 0:00,DS,-23.6,-38.8,30,1000,atcf,main,287,287,O_____________,atcf,SL502011,-23.6,-38.8, ,LO,30,1000,-3, , , , , , , , , , , , , , , , , , , , , , , , , , , , , , , , , , , , , , , , , , , , , , , , , , , , , , , , , , , , , , , , , , , , , , , , , , , , , , , , , , , , , , , , , , , , , , , , , , , , , , , , , , , , , , , , , , , , , , , , , , , , , , , , , , , , , , , ,15,125
2011069S20321,2011,15,SA,MM,NOT_NAMED,3/15/2011 3:00,DS,-23.9799,-38.1823, , , ,main,363,363,P_____________, ,SL502011,-23.9799,-38.1823, ,LO,30,1001,-3, , , , , , , , , , , , , , , , , , , , , , , , , , , , , , , , , , , , , , , , , , , , , , , , , , , , , , , , , , , , , , , , , , , , , , , , , , , , , , , , , , , , , , , , , , , , , , , , , , , , , , , , , , , , , , , , , , , , , , , , , , , , , , , , , , , , , , , ,12,125
2011069S20321,2011,15,SA,MM,NOT_NAMED,3/15/2011 6:00,DS,-24.3,-37.7,30,1002,atcf,main,424,424,O_____________,atcf,SL502011,-24.3,-37.7, ,LO,30,1002,-3, , , , , , , , , , , , , , , , , , , , , , , , , , , , , , , , , , , , , , , , , , , , , , , , , , , , , , , , , , , , , , , , , , , , , , , , , , , , , , , , , , , , , , , , , , , , , , , , , , , , , , , , , , , , , , , , , , , , , , , , , , , , , , , , , , , , , , , ,9,131
2011069S20321,2011,15,SA,MM,NOT_NAMED,3/15/2011 9:00,DS,-24.5871,-37.4196, , , ,main,468,468,P_____________, ,SL502011,-24.5871,-37.4196, ,LO,30,1002,-3, , , , , , , , , , , , , , , , , , , , , , , , , , , , , , , , , , , , , , , , , , , , , , , , , , , , , , , , , , , , , , , , , , , , , , , , , , , , , , , , , , , , , , , , , , , , , , , , , , , , , , , , , , , , , , , , , , , , , , , , , , , , , , , , , , , , , , , ,7,138
2011069S20321,2011,15,SA,MM,NOT_NAMED,3/15/2011 12:00,DS,-24.8,-37.2,30,1002,atcf,main,498,498,O_____________,atcf,SL502011,-24.8,-37.2, ,LO,30,1002,-3, , , , , , , , , , , , ,1005,125,100, , , , , , , , , , , , , , , , , , , , , , , , , , , , , , , , , , , , , , , , , , , , , , , , , , , , , , , , , , , , , , , , , , , , , , , , , , , , , , , , , , , , , , , , , , , , , , , , , , , , , , , , , , , , , , , , , , , , , , , , ,5,128
2011069S20321,2011,15,SA,MM,NOT_NAMED,3/15/2011 15:00,DS,-24.9216,-36.9471, , , ,main,528,528,P_____________, ,SL502011,-24.9216,-36.9471, ,LO,30,1001,-3, , , , , , , , , , , , ,1005,125,100, , , , , , , , , , , , , , , , , , , , , , , , , , , , , , , , , , , , , , , , , , , , , , , , , , , , , , , , , , , , , , , , , , , , , , , , , , , , , , , , , , , , , , , , , , , , , , , , , , , , , , , , , , , , , , , , , , , , , , , , ,7,107
2011069S20321,2011,15,SA,MM,NOT_NAMED,3/15/2011 18:00,DS,-25,-36.5,30,1000,atcf,main,568,568,O_____________,atcf,SL502011,-25,-36.5, ,LO,30,1000,-3, , , , , , , , , , , , ,1005,125,100, , , , , , , , , , , , , , , , , , , , , , , , , , , , , , , , , , , , , , , , , , , , , , , , , , , , , , , , , , , , , , , , , , , , , , , , , , , , , , , , , , , , , , , , , , , , , , , , , , , , , , , , , , , , , , , , , , , , , , , , ,12,98
2011069S20321,2011,15,SA,MM,NOT_NAMED,3/15/2011 21:00,DS,-25.0864,-35.6374, , , ,main,650,650,P_____________, ,SL502011,-25.0864,-35.6374, ,LO,32,999,-3, , , , , , , , , , , , ,1005,137,100, , , , , , , , , , , , , , , , , , , , , , , , , , , , , , , , , , , , , , , , , , , , , , , , , , , , , , , , , , , , , , , , , , , , , , , , , , , , , , , , , , , , , , , , , , , , , , , , , , , , , , , , , , , , , , , , , , , , , , , , ,16,97
2011069S20321,2011,15,SA,MM,NOT_NAMED,3/16/2011 0:00,DS,-25.2,-34.7,35,998,atcf,main,734,734,O_____________,atcf,SL502011,-25.2,-34.7, ,LO,35,998,-3,120,120, , , , , , , , , , ,1005,150,100, , , , , , , , , , , , , , , , , , , , , , , , , , , , , , , , , , , , , , , , , , , , , , , , , , , , , , , , , , , , , , , , , , , , , , , , , , , , , , , , , , , , , , , , , , , , , , , , , , , , , , , , , , , , , , , , , , , , , , , , ,14,102
2011069S20321,2011,15,SA,MM,NOT_NAMED,3/16/2011 3:00,DS,-25.3988,-34.0775, , , ,main,798,798,P_____________, ,SL502011,-25.3988,-34.0775, ,LO,37,995,-3,120,120, , , , , , , , , , , , , , , , , , , , , , , , , , , , , , , , , , , , , , , , , , , , , , , , , , , , , , , , , , , , , , , , , , , , , , , , , , , , , , , , , , , , , , , , , , , , , , , , , , , , , , , , , , , , , , , , , , , , , , , , , , , , , , , , , , , , , ,12,110
2011069S20321,2011,15,SA,MM,NOT_NAMED,3/16/2011 6:00,DS,-25.6,-33.5,40,993,atcf,main,862,862,O_____________,atcf,SL502011,-25.6,-33.5, ,LO,40,993,-3,120,120, , , , , , , , , , , , , , , , , , , , , , , , , , , , , , , , , , , , , , , , , , , , , , , , , , , , , , , , , , , , , , , , , , , , , , , , , , , , , , , , , , , , , , , , , , , , , , , , , , , , , , , , , , , , , , , , , , , , , , , , , , , , , , , , , , , , , ,12,107
2011069S20321,2011,15,SA,MM,NOT_NAMED,3/16/2011 9:00,DS,-25.7599,-32.773, , , ,main,934,934,P_____________, ,SL502011,-25.7599,-32.773, ,LO,42,991,-3,120,120, , , , , , , , , , , , , , , , , , , , , , , , , , , , , , , , , , , , , , , , , , , , , , , , , , , , , , , , , , , , , , , , , , , , , , , , , , , , , , , , , , , , , , , , , , , , , , , , , , , , , , , , , , , , , , , , , , , , , , , , , , , , , , , , , , , , , ,14,98
2011069S20321,2011,15,SA,MM,NOT_NAMED,3/16/2011 12:00,DS,-25.8,-32,45,989,atcf,main,1007,1007,O_____________,atcf,SL502011,-25.8,-32, ,LO,45,989,-3,120,120, , , , , , , , , , ,1005,150,100, , , , , , , , , , , , , , , , , , , , , , , , , , , , , , , , , , , , , , , , , , , , , , , , , , , , , , , , , , , , , , , , , , , , , , , , , , , , , , , , , , , , , , , , , , , , , , , , , , , , , , , , , , , , , , , , , , , , , , , , ,14,86
2011069S20321,2011,15,SA,MM,NOT_NAMED,3/16/2011 15:00,DS,-25.6556,-31.2414, , , ,main,1078,1074,P_____________, ,SL502011,-25.6556,-31.2414, ,LO,45,989,-3,120,120, , , , , , , , , , , , , , , , , , , , , , , , , , , , , , , , , , , , , , , , , , , , , , , , , , , , , , , , , , , , , , , , , , , , , , , , , , , , , , , , , , , , , , , , , , , , , , , , , , , , , , , , , , , , , , , , , , , , , , , , , , , , , , , , , , , , , ,14,74
2011069S20321,2011,15,SA,MM,NOT_NAMED,3/16/2011 18:00,DS,-25.4,-30.5,45,989,atcf,main,1133, ,O_____________,atcf,SL502011,-25.4,-30.5, ,LO,45,989,-3,120,120, , , , , , , , , , , , , , , , , , , , , , , , , , , , , , , , , , , , , , , , , , , , , , , , , , , , , , , , , , , , , , , , , , , , , , , , , , , , , , , , , , , , , , , , , , , , , , , , , , , , , , , , , , , , , , , , , , , , , , , , , , , , , , , , , , , , , ,14,69
